{"cameraMode":{"drawMode":0,"name":"Shaded","section":"Shading Mode"},"sceneLighting":true,"audioPlay":false,"sceneViewState":{"m_AlwaysRefresh":false,"showFog":true,"showSkybox":true,"showFlares":true,"showImageEffects":true,"showParticleSystems":true,"showVisualEffectGraphs":true,"m_FxEnabled":true},"in2DMode":false,"pivot":{"x":0.6215257048606873,"y":10.346197128295899,"z":2.0129048824310304},"rotation":{"x":-0.035673655569553378,"y":0.9541996121406555,"z":-0.26870524883270266,"w":-0.12669236958026887},"size":0.20547723770141602,"orthographic":false}