{"cameraMode":{"drawMode":0,"name":"Shaded","section":"Shading Mode"},"sceneLighting":false,"audioPlay":false,"sceneViewState":{"m_AlwaysRefresh":false,"showFog":true,"showSkybox":false,"showFlares":true,"showImageEffects":true,"showParticleSystems":true,"showVisualEffectGraphs":true,"m_FxEnabled":true},"in2DMode":false,"pivot":{"x":-0.015278693288564682,"y":0.004553750157356262,"z":-11.345050811767579},"rotation":{"x":-0.10293635725975037,"y":0.8338140845298767,"z":-0.16625291109085084,"w":-0.5162570476531982},"size":1.3646399974822999,"orthographic":false}