{"cameraMode":{"drawMode":0,"name":"Shaded","section":"Shading Mode"},"sceneLighting":false,"audioPlay":false,"sceneViewState":{"m_AlwaysRefresh":false,"showFog":true,"showSkybox":false,"showFlares":true,"showImageEffects":true,"showParticleSystems":true,"showVisualEffectGraphs":true,"m_FxEnabled":true},"in2DMode":false,"pivot":{"x":-0.29478174448013308,"y":0.8861991167068481,"z":0.010257100686430931},"rotation":{"x":-0.352974534034729,"y":0.5517461895942688,"z":-0.2770197093486786,"w":-0.7030287384986877},"size":3.6608541011810304,"orthographic":false}