{"cameraMode":{"drawMode":0,"name":"Shaded","section":"Shading Mode"},"sceneLighting":false,"audioPlay":false,"sceneViewState":{"m_AlwaysRefresh":false,"showFog":false,"showSkybox":false,"showFlares":false,"showImageEffects":false,"showParticleSystems":false,"showVisualEffectGraphs":true,"m_FxEnabled":true},"in2DMode":false,"pivot":{"x":0.055557429790496829,"y":0.8022512793540955,"z":0.014522254467010498},"rotation":{"x":-0.0673869177699089,"y":0.6991389393806458,"z":-0.06648363918066025,"w":-0.7086973190307617},"size":1.4242080450057984,"orthographic":false}